[
    {
        "nom": "Pierre",
        "email": "pierre.rocher@email.com",
        "message": "Hello"
    },
    {
        "nom": "Marie",
        "email": "marie.fleure@email.com",
        "message": "there"
    },
    {
        "nom": "Boorgir",
        "email": "boorgir@gmail.com",
        "message": "boorgir :)"
    },
    {
        "nom": "test",
        "email": "email.@email.com",
        "message": "Lorem ipsum dolor sit amet, consectetur adipiscing elit. Quisque imperdiet fermentum dapibus. Nulla hendrerit elit vel dolor posuere suscipit. Etiam elementum sodales metus, et congue nisl sagittis a. Nulla posuere placerat sodales. Curabitur ac enim turpis. Phasellus tempor arcu eros. Aenean pellentesque quam elit, id molestie ex mollis et. Cras elit diam, imperdiet et urna in, viverra rhoncus tellus. Fusce posuere porttitor lacus. Quisque ultricies nisl vitae risus facilisis, in porta lorem placerat. Quisque venenatis justo ut lacus cursus condimentum. Pellentesque habitant morbi tristique senectus et netus et malesuada fames ac turpis egestas.\r\n\r\nMaecenas non est laoreet, ultricies arcu vel, tincidunt velit. Duis nec metus lorem. Integer et metus et sem vulputate imperdiet nec eget arcu. Morbi sem sem, fringilla vitae cursus eu, porttitor bibendum turpis. Ut porttitor vehicula elit ac varius. Integer facilisis, massa venenatis pulvinar aliquet, mi risus pulvinar quam, id volutpat sapien lectus at enim. Nam ultrices enim eget justo congue, eu pretium urna ultricies. Nullam vel semper leo. In condimentum varius leo, ut feugiat ex pretium vestibulum. Etiam iaculis varius magna, in vehicula magna sodales sit amet. Aenean at ante laoreet, consectetur nulla vel, porttitor arcu. Etiam at nisi tellus. Pellentesque felis ante, tempor et justo a, congue tincidunt tortor."
    },
    {
        "nom": "test",
        "email": "email.@email.com",
        "message": "nteger laoreet condimentum urna, vel sodales lacus porttitor pellentesque. Nam in urna facilisis, viverra justo non, fermentum ex.\r\n\r\nDonec turpis enim, cursus a ultrices eu, semper a ante. Aliquam felis mi, tempor a scelerisque in, maximus et arcu. Morbi mollis erat quis scelerisque pharetra. Morbi sed euismod massa. Pellentesque vel convallis mi. Sed sodales porttitor condimentum. Sed volutpat facilisis diam sed feugiat. Vestibulum ante ipsum primis in faucibus orci luctus et ultrices posuere cubilia curae; Aenean ac elit dui. Ut vehicula tellus non interdum interdum. Fusce laoreet rutrum nulla, at viverra erat interdum vel. Maecenas dapibus, quam vitae viverra aliquam, augue sapien tristique lacus, a suscipit lectus dolor id sapien. Vivamus at dignissim augue, id egestas nibh. Duis blandi"
    },
    {
        "nom": "Liam BENEAT",
        "email": "beneat.liam@gmail.com",
        "message": "Bonjour"
    }
]